date,high,low,open,close,volume,adjclose
2020-01-02,209.7899932861328,206.27000427246094,206.75,209.77999877929688,12077100,209.77999877929688
2020-01-03,210.39999389648438,206.9499969482422,207.2100067138672,208.6699981689453,11188400,208.6699981689453
2020-01-06,212.77999877929688,206.52000427246094,206.6999969482422,212.60000610351562,17058900,212.60000610351562
2020-01-07,214.5800018310547,211.75,212.82000732421875,213.05999755859375,14912400,213.05999755859375
2020-01-08,216.24000549316406,212.61000061035156,213.0,215.22000122070312,13475000,215.22000122070312
2020-01-09,218.3800048828125,216.27999877929688,217.5399932861328,218.3000030517578,12642800,218.3000030517578
2020-01-10,219.8800048828125,217.4199981689453,219.1999969482422,218.05999755859375,12119400,218.05999755859375
2020-01-13,221.97000122070312,219.2100067138672,219.60000610351562,221.91000366210938,14463400,221.91000366210938
2020-01-14,222.3800048828125,218.6300048828125,221.61000061035156,219.05999755859375,13288900,219.05999755859375
2020-01-15,221.67999267578125,220.13999938964844,220.61000061035156,221.14999389648438,10036500,221.14999389648438
2020-01-16,222.6300048828125,220.38999938964844,222.57000732421875,221.77000427246094,10015300,221.77000427246094
2020-01-17,222.2899932861328,220.52999877929688,222.02999877929688,222.13999938964844,15905900,222.13999938964844
2020-01-21,222.3699951171875,219.1199951171875,222.16000366210938,221.44000244140625,14275800,221.44000244140625
2020-01-22,222.75,221.27999877929688,222.30999755859375,221.32000732421875,12212800,221.32000732421875
2020-01-23,221.49000549316406,219.27000427246094,220.75,219.75999450683594,11195000,219.75999450683594
2020-01-24,221.77999877929688,216.11000061035156,220.8000030517578,217.94000244140625,11905800,217.94000244140625
2020-01-27,216.05999755859375,212.5,213.10000610351562,214.8699951171875,13810700,214.8699951171875
2020-01-28,218.74000549316406,213.52000427246094,216.13999938964844,217.7899932861328,13413800,217.7899932861328
2020-01-29,224.1999969482422,218.4499969482422,221.44000244140625,223.22999572753906,33181300,223.22999572753906
2020-01-30,211.42999267578125,204.75,206.52999877929688,209.52999877929688,48775500,209.52999877929688
2020-01-31,208.69000244140625,201.05999755859375,208.42999267578125,201.91000366210938,31359900,201.91000366210938
2020-02-03,205.13999938964844,202.5,203.44000244140625,204.19000244140625,15495600,204.19000244140625
2020-02-04,210.60000610351562,205.1999969482422,206.6199951171875,209.8300018310547,19628900,209.8300018310547
2020-02-05,212.72999572753906,208.7100067138672,212.50999450683594,210.11000061035156,12538200,210.11000061035156
2020-02-06,211.19000244140625,209.33999633789062,210.47000122070312,210.85000610351562,10567500,210.85000610351562
2020-02-07,212.82000732421875,209.92999267578125,210.3000030517578,212.3300018310547,12242500,212.3300018310547
2020-02-10,213.8000030517578,210.66000366210938,211.52000427246094,213.05999755859375,11856400,213.05999755859375
2020-02-11,210.86000061035156,206.50999450683594,210.19000244140625,207.19000244140625,25030800,207.19000244140625
2020-02-12,211.22000122070312,207.39999389648438,207.85000610351562,210.75999450683594,13813700,210.75999450683594
2020-02-13,214.3300018310547,209.17999267578125,209.52000427246094,213.13999938964844,15396600,213.13999938964844
2020-02-14,214.92999267578125,212.64999389648438,214.0,214.17999267578125,10741700,214.17999267578125
2020-02-18,217.97999572753906,213.39999389648438,213.5500030517578,217.8000030517578,15609200,217.8000030517578
2020-02-19,218.32000732421875,216.11000061035156,217.99000549316406,217.49000549316406,12135100,217.49000549316406
2020-02-20,218.77000427246094,212.9499969482422,216.52000427246094,214.5800018310547,13109200,214.5800018310547
2020-02-21,214.24000549316406,208.8300018310547,213.47999572753906,210.17999267578125,14092300,210.17999267578125
2020-02-24,203.64999389648438,198.1699981689453,201.8000030517578,200.72000122070312,23080100,200.72000122070312
2020-02-25,203.5,195.9499969482422,202.25,196.77000427246094,21433500,196.77000427246094
2020-02-26,201.2100067138672,195.49000549316406,197.19000244140625,197.1999969482422,16524500,197.1999969482422
2020-02-27,195.8800048828125,189.5,191.82000732421875,189.75,21682600,189.75
2020-02-28,192.74000549316406,181.82000732421875,182.6999969482422,192.47000122070312,32568900,192.47000122070312
2020-03-02,196.57000732421875,188.85000610351562,194.02999877929688,196.44000244140625,24949000,196.44000244140625
2020-03-03,197.24000549316406,183.97000122070312,196.22000122070312,185.88999938964844,27984100,185.88999938964844
2020-03-04,191.8300018310547,186.38999938964844,189.1699981689453,191.75999450683594,23062500,191.75999450683594
2020-03-05,188.99000549316406,183.88999938964844,186.77999877929688,185.1699981689453,19333400,185.1699981689453
2020-03-06,183.77999877929688,176.25999450683594,178.3300018310547,181.08999633789062,24559600,181.08999633789062
2020-03-09,175.0,165.19000244140625,169.60000610351562,169.5,29949000,169.5
2020-03-10,178.2899932861328,169.5,174.6699981689453,178.19000244140625,24517800,178.19000244140625
2020-03-11,175.8800048828125,167.66000366210938,174.00999450683594,170.24000549316406,20373900,170.24000549316406
2020-03-12,166.60000610351562,154.33999633789062,159.5399932861328,154.47000122070312,43266300,154.47000122070312
2020-03-13,170.7899932861328,157.60000610351562,163.52999877929688,170.27999877929688,35028600,170.27999877929688
2020-03-16,159.1300048828125,143.10000610351562,152.32000732421875,146.00999450683594,39120400,146.00999450683594
2020-03-17,153.94000244140625,140.0,150.74000549316406,149.4199981689453,34255600,149.4199981689453
2020-03-18,148.17999267578125,137.10000610351562,139.75,146.9600067138672,37553100,146.9600067138672
2020-03-19,159.92999267578125,144.8000030517578,146.6199951171875,153.1300048828125,39862300,153.1300048828125
2020-03-20,159.27000427246094,148.0,156.02000427246094,149.72999572753906,32568400,149.72999572753906
2020-03-23,152.30999755859375,142.25,149.66000366210938,148.10000610351562,29830800,148.10000610351562
2020-03-24,161.30999755859375,152.57000732421875,155.2100067138672,160.97999572753906,30440400,160.97999572753906
2020-03-25,162.99000549316406,153.05999755859375,158.9199981689453,156.2100067138672,35184300,156.2100067138672
2020-03-26,164.0,157.02000427246094,158.25,163.33999633789062,26556800,163.33999633789062
2020-03-27,160.08999633789062,154.75,158.1999969482422,156.7899932861328,24879900,156.7899932861328
2020-03-30,166.75,158.05999755859375,159.17999267578125,165.9499969482422,22515200,165.9499969482422
2020-03-31,170.92999267578125,164.1999969482422,165.47999572753906,166.8000030517578,23676300,166.8000030517578
2020-04-01,164.14999389648438,158.0399932861328,161.6199951171875,159.60000610351562,19507600,159.60000610351562
2020-04-02,161.35000610351562,155.9199981689453,159.10000610351562,158.19000244140625,20886300,158.19000244140625
2020-04-03,157.91000366210938,150.8300018310547,157.14999389648438,154.17999267578125,25983300,154.17999267578125
2020-04-06,166.1999969482422,158.50999450683594,160.14999389648438,165.5500030517578,28453600,165.5500030517578
2020-04-07,173.38999938964844,166.00999450683594,171.7899932861328,168.8300018310547,31411900,168.8300018310547
2020-04-08,175.0,167.74000549316406,171.25,174.27999877929688,21664200,174.27999877929688
2020-04-09,177.0800018310547,171.57000732421875,175.89999389648438,175.19000244140625,23534300,175.19000244140625
2020-04-13,175.0,169.4499969482422,173.6699981689453,174.7899932861328,19355400,174.7899932861328
2020-04-14,181.22999572753906,176.6199951171875,178.97999572753906,178.1699981689453,21011800,178.1699981689453
2020-04-15,178.19000244140625,172.82000732421875,175.19000244140625,176.97000122070312,17423000,176.97000122070312
2020-04-16,178.0500030517578,172.50999450683594,177.9499969482422,176.25,23593200,176.25
2020-04-17,180.27999877929688,176.66000366210938,179.1999969482422,179.24000549316406,20974800,179.24000549316406
2020-04-20,180.5,176.77000427246094,177.41000366210938,178.24000549316406,16110700,178.24000549316406
2020-04-21,175.3800048828125,168.33999633789062,175.25,170.8000030517578,24850500,170.8000030517578
2020-04-22,184.77999877929688,178.13999938964844,178.4499969482422,182.27999877929688,33242000,182.27999877929688
2020-04-23,187.0500030517578,183.14999389648438,184.0800018310547,185.1300048828125,21426600,185.1300048828125
2020-04-24,190.41000366210938,180.8300018310547,183.22999572753906,190.07000732421875,28792000,190.07000732421875
2020-04-27,193.75,187.41000366210938,192.66000366210938,187.5,29197800,187.5
2020-04-28,189.1999969482422,182.55999755859375,188.66000366210938,182.91000366210938,21731000,182.91000366210938
2020-04-29,196.91000366210938,190.0,190.92999267578125,194.19000244140625,45954500,194.19000244140625
2020-04-30,209.69000244140625,201.57000732421875,206.9199981689453,204.7100067138672,46230100,204.7100067138672
2020-05-01,207.27999877929688,199.0500030517578,201.60000610351562,202.27000427246094,30415600,202.27000427246094
2020-05-04,205.91000366210938,198.75999450683594,200.1999969482422,205.25999450683594,19250700,205.25999450683594
2020-05-05,210.3800048828125,206.5,207.02000427246094,207.07000732421875,21071200,207.07000732421875
2020-05-06,211.60000610351562,206.66000366210938,208.1199951171875,208.47000122070312,21857000,208.47000122070312
2020-05-07,211.60000610351562,209.0399932861328,211.16000366210938,211.25999450683594,15152000,211.25999450683594
2020-05-08,213.2100067138672,210.85000610351562,212.24000549316406,212.35000610351562,12506000,212.35000610351562
2020-05-11,215.0,210.3699951171875,210.88999938964844,213.17999267578125,12911900,213.17999267578125
2020-05-12,215.27999877929688,210.0,213.2899932861328,210.10000610351562,14704600,210.10000610351562
2020-05-13,210.77999877929688,202.11000061035156,209.42999267578125,205.10000610351562,20684600,205.10000610351562
2020-05-14,206.92999267578125,200.69000244140625,202.55999755859375,206.80999755859375,17178900,206.80999755859375
2020-05-15,211.33999633789062,204.1199951171875,205.27000427246094,210.8800048828125,19383200,210.8800048828125
2020-05-18,214.63999938964844,210.94000244140625,212.14999389648438,213.19000244140625,20151900,213.19000244140625
2020-05-19,220.49000549316406,212.8300018310547,213.27000427246094,216.8800048828125,31843200,216.8800048828125
2020-05-20,231.33999633789062,223.19000244140625,223.5,229.97000122070312,50162900,229.97000122070312
2020-05-21,237.1999969482422,231.1999969482422,234.72000122070312,231.38999938964844,47782600,231.38999938964844
2020-05-22,235.99000549316406,228.74000549316406,231.50999450683594,234.91000366210938,33925600,234.91000366210938
2020-05-26,240.89999389648438,231.6699981689453,239.77000427246094,232.1999969482422,33178300,232.1999969482422
2020-05-27,230.55999755859375,221.1300048828125,229.07000732421875,229.13999938964844,34697600,229.13999938964844
2020-05-28,231.6300048828125,224.0,224.3000030517578,225.4600067138672,29377200,225.4600067138672
2020-05-29,227.49000549316406,222.8800048828125,225.1999969482422,225.08999633789062,23241500,225.08999633789062
2020-06-01,232.44000244140625,223.5,224.58999633789062,231.91000366210938,18223800,231.91000366210938
2020-06-02,233.0,226.55999755859375,230.94000244140625,232.72000122070312,20919000,232.72000122070312
2020-06-03,232.64999389648438,228.52999877929688,232.11000061035156,230.16000366210938,15380300,230.16000366210938
2020-06-04,231.6300048828125,224.61000061035156,229.55999755859375,226.2899932861328,17041500,226.2899932861328
2020-06-05,231.35000610351562,225.30999755859375,226.7100067138672,230.77000427246094,16750400,230.77000427246094
2020-06-08,231.5500030517578,227.41000366210938,229.02999877929688,231.39999389648438,15466500,231.39999389648438
2020-06-09,239.77000427246094,230.41000366210938,231.52000427246094,238.6699981689453,27462900,238.6699981689453
2020-06-10,241.2100067138672,235.27999877929688,240.9600067138672,236.72999572753906,20720700,236.72999572753906
2020-06-11,232.88999938964844,223.5500030517578,229.94000244140625,224.42999267578125,26708200,224.42999267578125
2020-06-12,231.66000366210938,224.5,229.89999389648438,228.5800018310547,22091400,228.5800018310547
2020-06-15,233.77000427246094,224.8000030517578,225.08999633789062,232.5,15340300,232.5
2020-06-16,238.4600067138672,233.0,237.13999938964844,235.64999389648438,15236700,235.64999389648438
2020-06-17,237.58999633789062,231.72999572753906,235.0,235.52999877929688,19578100,235.52999877929688
2020-06-18,236.13999938964844,232.14999389648438,234.99000549316406,235.94000244140625,15782500,235.94000244140625
2020-06-19,240.8300018310547,235.5500030517578,237.7899932861328,238.7899932861328,30081300,238.7899932861328
2020-06-22,240.6999969482422,236.91000366210938,238.55999755859375,239.22000122070312,18917800,239.22000122070312
2020-06-23,245.19000244140625,239.86000061035156,241.27999877929688,242.24000549316406,24017900,242.24000549316406
2020-06-24,243.22000122070312,232.67999267578125,241.1999969482422,234.02000427246094,20834900,234.02000427246094
2020-06-25,237.3000030517578,232.74000549316406,234.6199951171875,235.67999267578125,18704300,235.67999267578125
2020-06-26,233.08999633789062,215.39999389648438,232.63999938964844,216.0800018310547,76343900,216.0800018310547
2020-06-29,220.75,207.11000061035156,209.75,220.63999938964844,58514300,220.63999938964844
2020-06-30,227.5,218.47000122070312,220.58999633789062,227.07000732421875,33927100,227.07000732421875
2020-07-01,239.0,227.55999755859375,228.5,237.5500030517578,43399700,237.5500030517578
2020-07-02,240.0,232.61000061035156,239.0,233.4199981689453,30633600,233.4199981689453
2020-07-06,240.39999389648438,232.27000427246094,233.75999450683594,240.27999877929688,26206200,240.27999877929688
2020-07-07,247.64999389648438,238.82000732421875,239.41000366210938,240.86000061035156,27887800,240.86000061035156
2020-07-08,246.99000549316406,236.58999633789062,238.11000061035156,243.5800018310547,29791300,243.5800018310547
2020-07-09,246.52999877929688,239.24000549316406,245.0,244.5,22174900,244.5
2020-07-10,245.49000549316406,239.32000732421875,243.69000244140625,245.07000732421875,22982700,245.07000732421875
2020-07-13,250.14999389648438,238.4199981689453,247.00999450683594,239.0,24674900,239.0
2020-07-14,240.3300018310547,232.02999877929688,236.75999450683594,239.72999572753906,23378100,239.72999572753906
2020-07-15,244.82000732421875,238.0500030517578,241.5500030517578,240.27999877929688,19133600,240.27999877929688
2020-07-16,241.75999450683594,236.3300018310547,238.0,240.92999267578125,18880700,240.92999267578125
2020-07-17,244.16000366210938,237.86000061035156,241.0,242.02999877929688,18152400,242.02999877929688
2020-07-20,246.0500030517578,235.63999938964844,240.05999755859375,245.4199981689453,20872200,245.4199981689453
2020-07-21,246.91000366210938,240.0800018310547,246.22000122070312,241.75,19364200,241.75
2020-07-22,241.89999389648438,238.1199951171875,240.25999450683594,239.8699951171875,15427900,239.8699951171875
2020-07-23,242.4199981689453,231.75,239.6300048828125,232.60000610351562,21771800,232.60000610351562
2020-07-24,233.49000549316406,226.89999389648438,230.19000244140625,230.7100067138672,18325800,230.7100067138672
2020-07-27,234.9499969482422,230.8300018310547,231.4600067138672,233.5,13163100,233.5
2020-07-28,234.9600067138672,229.8300018310547,234.6300048828125,230.1199951171875,14170100,230.1199951171875
2020-07-29,233.6999969482422,230.30999755859375,231.13999938964844,233.2899932861328,13588300,233.2899932861328
2020-07-30,234.88999938964844,229.0,230.22000122070312,234.5,20615300,234.5
2020-07-31,255.85000610351562,249.0,255.82000732421875,253.6699981689453,53005100,253.6699981689453
2020-08-03,255.39999389648438,250.3300018310547,252.64999389648438,251.9600067138672,23124900,251.9600067138672
2020-08-04,252.8000030517578,247.42999267578125,251.55999755859375,249.8300018310547,17183500,249.8300018310547
2020-08-05,252.27000427246094,247.77000427246094,250.19000244140625,249.1199951171875,13050100,249.1199951171875
2020-08-06,266.6000061035156,248.6699981689453,249.0399932861328,265.2799987792969,45241600,265.2799987792969
2020-08-07,278.8900146484375,263.42999267578125,264.0799865722656,268.44000244140625,72766400,268.44000244140625
2020-08-10,273.8599853515625,259.69000244140625,268.0400085449219,263.0,30248800,263.0
2020-08-11,265.9200134277344,255.1300048828125,260.19000244140625,256.1300048828125,28238300,256.1300048828125
2020-08-12,263.8999938964844,258.1099853515625,258.9700012207031,259.8900146484375,21415700,259.8900146484375
2020-08-13,265.1600036621094,259.57000732421875,261.54998779296875,261.29998779296875,17374000,261.29998779296875
2020-08-14,262.6499938964844,258.67999267578125,262.30999755859375,261.239990234375,14792700,261.239990234375
2020-08-17,264.1000061035156,259.3999938964844,262.5,261.1600036621094,13351100,261.1600036621094
2020-08-18,265.1499938964844,259.260009765625,260.95001220703125,262.3399963378906,18690400,262.3399963378906
2020-08-19,267.9100036621094,261.3500061035156,261.3900146484375,262.5899963378906,23291500,262.5899963378906
2020-08-20,269.6300048828125,261.4599914550781,261.5,269.010009765625,20299700,269.010009765625
2020-08-21,270.489990234375,266.4200134277344,268.69000244140625,267.010009765625,15538600,267.010009765625
2020-08-24,277.25,268.7699890136719,271.07000732421875,271.3900146484375,23685600,271.3900146484375
2020-08-25,283.0899963378906,270.260009765625,272.4100036621094,280.82000732421875,42127200,280.82000732421875
2020-08-26,304.6700134277344,284.0,284.0,303.9100036621094,69015200,303.9100036621094
2020-08-27,301.2300109863281,292.0199890136719,300.1600036621094,293.2200012207031,30301300,293.2200012207031
2020-08-28,297.2300109863281,290.9800109863281,295.0,293.6600036621094,17157400,293.6600036621094
2020-08-31,296.8800048828125,291.54998779296875,293.95001220703125,293.20001220703125,17345100,293.20001220703125
2020-09-01,301.489990234375,292.7099914550781,294.7099914550781,295.44000244140625,17295900,295.44000244140625
2020-09-02,303.6000061035156,293.04998779296875,298.8800048828125,302.5,24341400,302.5
2020-09-03,297.6000061035156,283.6300048828125,295.989990234375,291.1199951171875,32294100,291.1199951171875
2020-09-04,289.0,271.1400146484375,287.25,282.7300109863281,30333700,282.7300109863281
2020-09-08,279.29998779296875,269.4200134277344,271.2799987792969,271.1600036621094,24864000,271.1600036621094
2020-09-09,278.4800109863281,271.3500061035156,275.7699890136719,273.7200012207031,22918800,273.7200012207031
2020-09-10,279.1600036621094,267.0299987792969,275.510009765625,268.0899963378906,24814700,268.0899963378906
2020-09-11,271.3900146484375,262.6400146484375,270.05999755859375,266.6099853515625,18913900,266.6099853515625
2020-09-14,276.6400146484375,265.70001220703125,270.95001220703125,266.1499938964844,24093800,266.1499938964844
2020-09-15,274.5199890136719,269.29998779296875,270.6700134277344,272.4200134277344,18478500,272.4200134277344
2020-09-16,272.44000244140625,261.7900085449219,267.2900085449219,263.5199890136719,29183400,263.5199890136719
2020-09-17,261.5,250.19000244140625,258.2799987792969,254.82000732421875,31281400,254.82000732421875
2020-09-18,259.20001220703125,250.0500030517578,258.3999938964844,252.52999877929688,28130800,252.52999877929688
2020-09-21,249.9499969482422,244.1300048828125,247.5399932861328,248.14999389648438,24709400,248.14999389648438
2020-09-22,255.32000732421875,248.22000122070312,253.30999755859375,254.75,30293100,254.75
2020-09-23,257.989990234375,248.14999389648438,255.25999450683594,249.02000427246094,19641300,249.02000427246094
2020-09-24,252.24000549316406,245.6199951171875,246.5,249.52999877929688,20006800,249.52999877929688
2020-09-25,255.75,246.61000061035156,249.39999389648438,254.82000732421875,18351300,254.82000732421875
2020-09-28,259.6000061035156,254.82000732421875,259.3999938964844,256.82000732421875,18826300,256.82000732421875
2020-09-29,263.3299865722656,256.8999938964844,257.80999755859375,261.7900085449219,20200200,261.7900085449219
2020-09-30,266.0799865722656,260.1000061035156,261.9800109863281,261.8999938964844,20142500,261.8999938964844
2020-10-01,268.3299865722656,264.79998779296875,265.3500061035156,266.6300048828125,20009800,266.6300048828125
2020-10-02,265.1499938964844,259.17999267578125,261.2099914550781,259.94000244140625,16367600,259.94000244140625
2020-10-05,264.8699951171875,260.8399963378906,262.20001220703125,264.6499938964844,12822300,264.6499938964844
2020-10-06,265.69000244140625,258.239990234375,261.7799987792969,258.6600036621094,18696900,258.6600036621094
2020-10-07,260.17999267578125,254.82000732421875,259.2099914550781,258.1199951171875,23133400,258.1199951171875
2020-10-08,264.6199951171875,259.1499938964844,259.75,263.760009765625,16312800,263.760009765625
2020-10-09,264.75,262.1700134277344,264.5199890136719,264.45001220703125,14107800,264.45001220703125
2020-10-12,280.17999267578125,267.8699951171875,270.20001220703125,275.75,31019300,275.75
2020-10-13,279.1000061035156,273.3900146484375,277.5799865722656,276.1400146484375,18063300,276.1400146484375
2020-10-14,278.75,271.5,277.6199951171875,271.82000732421875,15577800,271.82000732421875
2020-10-15,269.0400085449219,263.6700134277344,267.6000061035156,266.7200012207031,15416100,266.7200012207031
2020-10-16,271.3699951171875,265.29998779296875,267.3800048828125,265.92999267578125,16622700,265.92999267578125
2020-10-19,268.54998779296875,259.8800048828125,265.5299987792969,261.3999938964844,13587000,261.3999938964844
2020-10-20,269.70001220703125,262.8800048828125,263.05999755859375,267.55999755859375,18763200,267.55999755859375
2020-10-21,283.04998779296875,276.3699951171875,279.55999755859375,278.7300109863281,28998600,278.7300109863281
2020-10-22,282.45001220703125,275.0400085449219,279.8699951171875,278.1199951171875,16720000,278.1199951171875
2020-10-23,285.239990234375,276.82000732421875,278.79998779296875,284.7900085449219,17535200,284.7900085449219
2020-10-26,285.2300109863281,274.260009765625,283.1600036621094,277.1099853515625,21322900,277.1099853515625
2020-10-27,284.510009765625,276.30999755859375,278.760009765625,283.2900085449219,16287200,283.2900085449219
2020-10-28,278.7900085449219,267.260009765625,278.7900085449219,267.6700134277344,23121800,267.6700134277344
2020-10-29,283.6000061035156,273.7799987792969,276.54998779296875,280.8299865722656,32368100,280.8299865722656
2020-10-30,276.70001220703125,259.1000061035156,274.5,263.1099853515625,47247800,263.1099853515625
2020-11-02,270.4700012207031,257.3399963378906,264.6000061035156,261.3599853515625,27165700,261.3599853515625
2020-11-03,270.04998779296875,260.8800048828125,263.1600036621094,265.29998779296875,17961900,265.29998779296875
2020-11-04,288.94000244140625,278.6199951171875,281.0,287.3800048828125,35364400,287.3800048828125
2020-11-05,297.3800048828125,288.95001220703125,291.8999938964844,294.67999267578125,23823600,294.67999267578125
2020-11-06,294.6000061035156,288.05999755859375,293.95001220703125,293.4100036621094,13891000,293.4100036621094
2020-11-09,292.5799865722656,278.5299987792969,289.8699951171875,278.7699890136719,25117700,278.7699890136719
2020-11-10,274.0,264.0,273.1000061035156,272.42999267578125,29067700,272.42999267578125
2020-11-11,278.3999938964844,272.4800109863281,273.4700012207031,276.4800109863281,14957000,276.4800109863281
2020-11-12,279.75,274.42999267578125,277.17999267578125,275.0799865722656,12899500,275.0799865722656
2020-11-13,277.760009765625,273.1000061035156,277.7200012207031,276.95001220703125,10391200,276.95001220703125
2020-11-16,279.4100036621094,274.6300048828125,275.04998779296875,278.9599914550781,12970400,278.9599914550781
2020-11-17,277.67999267578125,273.2900085449219,277.67999267578125,275.0,15040300,275.0
2020-11-18,277.3900146484375,271.8399963378906,274.5199890136719,271.9700012207031,12152900,271.9700012207031
2020-11-19,273.4700012207031,269.19000244140625,271.0199890136719,272.94000244140625,12963700,272.94000244140625
2020-11-20,273.0,269.4100036621094,272.55999755859375,269.70001220703125,18114700,269.70001220703125
2020-11-23,270.95001220703125,264.5299987792969,270.8900146484375,268.42999267578125,20990800,268.42999267578125
2020-11-24,277.82000732421875,267.8699951171875,268.489990234375,276.9200134277344,16930400,276.9200134277344
2020-11-25,280.17999267578125,272.6499938964844,278.1400146484375,275.5899963378906,12467000,275.5899963378906
2020-11-27,279.1300048828125,274.82000732421875,277.3900146484375,277.80999755859375,7808400,277.80999755859375
2020-11-30,277.70001220703125,271.010009765625,276.0299987792969,276.9700012207031,16693300,276.9700012207031
2020-12-01,289.29998779296875,278.9599914550781,279.1600036621094,286.54998779296875,20738900,286.54998779296875
2020-12-02,291.7799987792969,280.8299865722656,285.3599853515625,287.5199890136719,17361600,287.5199890136719
2020-12-03,286.6499938964844,281.07000732421875,286.25,281.8500061035156,12921700,281.8500061035156
2020-12-04,283.4599914550781,279.29998779296875,280.29998779296875,279.70001220703125,10880300,279.70001220703125
2020-12-07,288.489990234375,278.20001220703125,279.19000244140625,285.5799865722656,13007700,285.5799865722656
2020-12-08,286.42999267578125,281.54998779296875,286.010009765625,283.3999938964844,10747700,283.3999938964844
2020-12-09,287.6300048828125,271.75,283.6600036621094,277.9200134277344,25189700,277.9200134277344
2020-12-10,278.7300109863281,271.8599853515625,275.5400085449219,277.1199951171875,20065100,277.1199951171875
2020-12-11,276.4800109863281,270.25,274.5299987792969,273.54998779296875,14391400,273.54998779296875
2020-12-14,277.2200012207031,271.55999755859375,273.3699951171875,274.19000244140625,16376900,274.19000244140625
2020-12-15,276.0799865722656,267.4700012207031,274.8299865722656,275.54998779296875,23979500,275.54998779296875
2020-12-16,277.8599853515625,272.510009765625,274.760009765625,275.6700134277344,15885000,275.6700134277344
2020-12-17,280.44000244140625,273.6099853515625,277.07000732421875,274.4800109863281,16377800,274.4800109863281
2020-12-18,278.0,271.1400146484375,275.7699890136719,276.3999938964844,26693200,276.3999938964844
2020-12-21,274.6700134277344,267.7900085449219,272.9800109863281,272.7900085449219,16553700,272.7900085449219
2020-12-22,271.5,264.6300048828125,271.5,267.0899963378906,17312900,267.0899963378906
2020-12-23,272.1700134277344,266.2300109863281,266.8900146484375,268.1099853515625,14329000,268.1099853515625
2020-12-24,270.3999938964844,266.20001220703125,268.8800048828125,267.3999938964844,6702000,267.3999938964844
2020-12-28,277.29998779296875,265.6600036621094,268.739990234375,277.0,23299700,277.0
2020-12-29,280.510009765625,276.2799987792969,276.95001220703125,276.7799987792969,16383000,276.7799987792969
2020-12-30,278.0799865722656,271.7099914550781,277.95001220703125,271.8699951171875,11803800,271.8699951171875
2020-12-31,277.0899963378906,269.80999755859375,272.0,273.1600036621094,12900400,273.1600036621094
2021-01-04,275.0,265.20001220703125,274.7799987792969,268.94000244140625,15106100,268.94000244140625
2021-01-05,272.3999938964844,268.2099914550781,268.2900085449219,270.9700012207031,9871600,270.9700012207031
2021-01-06,267.75,260.010009765625,262.0,263.30999755859375,24354100,263.30999755859375
2021-01-07,271.6099853515625,264.7799987792969,265.8999938964844,268.739990234375,15789800,268.739990234375
2021-01-08,268.95001220703125,263.17999267578125,268.30999755859375,267.57000732421875,18528300,267.57000732421875
2021-01-11,263.4700012207031,255.89999389648438,260.4800109863281,256.8399963378906,30412300,256.8399963378906
2021-01-12,259.7200012207031,250.3000030517578,256.6300048828125,251.08999633789062,26383500,251.08999633789062
2021-01-13,253.9499969482422,249.1999969482422,251.5500030517578,251.63999938964844,19528900,251.63999938964844
2021-01-14,255.02999877929688,244.61000061035156,253.39999389648438,245.63999938964844,29739400,245.63999938964844
2021-01-15,253.86000061035156,247.16000366210938,247.89999389648438,251.36000061035156,24942900,251.36000061035156
2021-01-19,262.20001220703125,252.72000122070312,256.8999938964844,261.1000061035156,28028500,261.1000061035156
2021-01-20,270.32000732421875,263.6000061035156,268.92999267578125,267.4800109863281,25199900,267.4800109863281
2021-01-21,273.6000061035156,267.489990234375,269.260009765625,272.8699951171875,20838700,272.8699951171875
2021-01-22,278.4700012207031,272.0,272.010009765625,274.5,21954000,274.5
2021-01-25,280.1000061035156,271.510009765625,278.1400146484375,278.010009765625,19087000,278.010009765625
2021-01-26,285.3900146484375,277.80999755859375,278.1400146484375,282.04998779296875,19373600,282.04998779296875
2021-01-27,283.45001220703125,268.1199951171875,282.5299987792969,272.1400146484375,35346200,272.1400146484375
2021-01-28,286.7900085449219,264.70001220703125,277.17999267578125,265.0,37758800,265.0
2021-01-29,266.55999755859375,254.85000610351562,265.29998779296875,258.3299865722656,30389500,258.3299865722656
2021-02-01,264.1700134277344,254.91000366210938,259.5199890136719,262.010009765625,22914300,262.010009765625
2021-02-02,268.8500061035156,263.2699890136719,264.0,267.0799865722656,17320800,267.0799865722656
2021-02-03,269.20001220703125,263.8399963378906,265.6199951171875,266.6499938964844,14223400,266.6499938964844
2021-02-04,268.1600036621094,264.0,267.010009765625,266.489990234375,16060000,266.489990234375
2021-02-05,269.1700134277344,265.6700134277344,266.79998779296875,268.1000061035156,12454400,268.1000061035156
2021-02-08,269.8599853515625,265.0,268.75,266.5799865722656,13755200,266.5799865722656
2021-02-09,273.3900146484375,265.75,266.44000244140625,269.45001220703125,14613400,269.45001220703125
2021-02-10,273.79998779296875,267.7200012207031,272.45001220703125,271.8699951171875,14687200,271.8699951171875
2021-02-11,273.5799865722656,268.489990234375,271.8900146484375,270.3900146484375,12828600,270.3900146484375
2021-02-12,271.17999267578125,268.3399963378906,270.5199890136719,270.5,9097600,270.5
2021-02-16,276.6000061035156,270.04998779296875,270.79998779296875,273.9700012207031,15417200,273.9700012207031
2021-02-17,273.9700012207031,269.5799865722656,271.239990234375,273.57000732421875,12763200,273.57000732421875
2021-02-18,271.95001220703125,266.0299987792969,269.57000732421875,269.3900146484375,15249100,269.3900146484375
2021-02-19,270.2699890136719,260.1499938964844,269.8599853515625,261.55999755859375,25622600,261.55999755859375
2021-02-22,263.07000732421875,257.5299987792969,257.95001220703125,260.3299865722656,17434900,260.3299865722656
2021-02-23,267.4599914550781,254.9600067138672,259.5,265.8599853515625,21924600,265.8599853515625
2021-02-24,266.3800048828125,258.3900146484375,262.3299865722656,264.30999755859375,15736100,264.30999755859375
2021-02-25,266.94000244140625,254.0399932861328,262.29998779296875,254.69000244140625,19053100,254.69000244140625
2021-02-26,265.54998779296875,256.4700012207031,256.4700012207031,257.6199951171875,26619500,257.6199951171875
2021-03-01,266.6499938964844,257.8999938964844,260.82000732421875,264.9100036621094,22157300,264.9100036621094
2021-03-02,266.7099914550781,258.6499938964844,265.7799987792969,259.0,15191700,259.0
2021-03-03,260.989990234375,255.10000610351562,260.2900085449219,255.41000366210938,15513500,255.41000366210938
2021-03-04,266.489990234375,253.5,256.4700012207031,257.6400146484375,31626500,257.6400146484375
2021-03-05,265.45001220703125,255.61000061035156,260.6700134277344,264.2799987792969,26820100,264.2799987792969
2021-03-08,265.5799865722656,255.0500030517578,265.54998779296875,255.30999755859375,18391800,255.30999755859375
2021-03-09,268.5299987792969,259.80999755859375,261.17999267578125,265.739990234375,22039700,265.739990234375
2021-03-10,268.9700012207031,262.8699951171875,268.6400146484375,264.8999938964844,14210300,264.8999938964844
2021-03-11,277.8999938964844,267.82000732421875,268.1099853515625,273.8800048828125,21834000,273.8800048828125
2021-03-12,269.739990234375,264.0199890136719,269.1400146484375,268.3999938964844,20600200,268.3999938964844
2021-03-15,275.9599914550781,268.5,269.0799865722656,273.75,16844800,273.75
2021-03-16,282.1400146484375,274.79998779296875,276.0799865722656,279.2799987792969,22437700,279.2799987792969
2021-03-17,286.2300109863281,275.4100036621094,275.7099914550781,284.010009765625,21315000,284.010009765625
2021-03-18,285.19000244140625,278.2799987792969,279.8699951171875,278.6199951171875,18728300,278.6199951171875
2021-03-19,292.79998779296875,281.20001220703125,281.2200012207031,290.1099853515625,38930500,290.1099853515625
2021-03-22,299.7099914550781,286.75,290.45001220703125,293.5400085449219,28273100,293.5400085449219
2021-03-23,298.0,289.80999755859375,293.1499938964844,290.6300048828125,23000900,290.6300048828125
2021-03-24,291.7200012207031,281.1600036621094,291.0,282.1400146484375,18675000,282.1400146484375
2021-03-25,288.05999755859375,277.75,280.9800109863281,278.739990234375,24505600,278.739990234375
2021-03-26,284.5,277.7699890136719,278.29998779296875,283.0199890136719,17629200,283.0199890136719
2021-03-29,293.17999267578125,284.70001220703125,285.7699890136719,290.82000732421875,21718800,290.82000732421875
2021-03-30,292.4700012207031,286.70001220703125,289.8299865722656,288.0,17474500,288.0
2021-03-31,296.5,288.6099853515625,289.989990234375,294.5299987792969,19498200,294.5299987792969
2021-04-01,302.3999938964844,296.6000061035156,298.3999938964844,298.6600036621094,17616000,298.6600036621094
2021-04-05,310.7699890136719,300.67999267578125,300.8900146484375,308.9100036621094,28237000,308.9100036621094
2021-04-06,311.3500061035156,305.25,308.8399963378906,306.260009765625,17335200,306.260009765625
2021-04-07,314.25,305.5,306.3399963378906,313.0899963378906,22855200,313.0899963378906
2021-04-08,315.8800048828125,310.04998779296875,314.8500061035156,313.0199890136719,20894100,313.0199890136719
2021-04-09,314.739990234375,310.3299865722656,311.3999938964844,312.4599914550781,15988600,312.4599914550781
2021-04-12,312.1499938964844,307.92999267578125,311.04998779296875,311.5400085449219,10881900,311.5400085449219
2021-04-13,314.42999267578125,309.32000732421875,312.2099914550781,309.760009765625,14036900,309.760009765625
2021-04-14,308.0299987792969,301.95001220703125,307.29998779296875,302.82000732421875,17421400,302.82000732421875
2021-04-15,310.1400146484375,304.1000061035156,306.3399963378906,307.82000732421875,14558300,307.82000732421875
2021-04-16,308.95001220703125,304.6099853515625,308.1700134277344,306.17999267578125,13059200,306.17999267578125
2021-04-19,307.70001220703125,300.55999755859375,305.010009765625,302.239990234375,14553500,302.239990234375
2021-04-20,305.1000061035156,297.2099914550781,301.989990234375,302.6499938964844,16796400,302.6499938964844
2021-04-21,301.9800109863281,297.3900146484375,301.95001220703125,301.4700012207031,14863500,301.4700012207031
2021-04-22,302.9200134277344,296.0400085449219,301.3299865722656,296.5199890136719,16375400,296.5199890136719
2021-04-23,302.5899963378906,297.1499938964844,298.760009765625,301.1300048828125,17536800,301.1300048828125
2021-04-26,305.79998779296875,301.55999755859375,303.3399963378906,303.0400085449219,16172600,303.0400085449219
2021-04-27,305.3399963378906,301.1099853515625,304.2799987792969,303.57000732421875,15309300,303.57000732421875
2021-04-28,310.9200134277344,305.3699951171875,307.3599853515625,307.1000061035156,33907200,307.1000061035156
2021-04-29,331.80999755859375,321.6099853515625,330.1199951171875,329.510009765625,56526800,329.510009765625
2021-04-30,329.82000732421875,324.5,326.1400146484375,325.0799865722656,26332400,325.0799865722656
2021-05-03,328.54998779296875,321.8399963378906,326.1700134277344,322.5799865722656,18719500,322.5799865722656
2021-05-04,322.19000244140625,313.1199951171875,320.0199890136719,318.3599853515625,24032600,318.3599853515625
2021-05-05,321.05999755859375,314.489990234375,318.19000244140625,315.0199890136719,15577600,315.0199890136719
2021-05-06,320.239990234375,313.2699890136719,314.5199890136719,320.0199890136719,19012200,320.0199890136719
2021-05-07,322.94000244140625,318.75,322.3800048828125,319.0799865722656,15916700,319.0799865722656
2021-05-10,314.5799865722656,304.8299865722656,314.3500061035156,305.9700012207031,24239200,305.9700012207031
2021-05-11,306.8399963378906,299.69000244140625,300.75,306.5299987792969,18920100,306.5299987792969
2021-05-12,304.9599914550781,298.19000244140625,301.1300048828125,302.54998779296875,24645500,302.54998779296875
2021-05-13,308.8599853515625,302.7699890136719,306.0799865722656,305.260009765625,18079200,305.260009765625
2021-05-14,316.8500061035156,309.0799865722656,309.5400085449219,315.94000244140625,19245700,315.94000244140625
2021-05-17,315.67999267578125,311.5799865722656,313.54998779296875,315.4599914550781,15401300,315.4599914550781
2021-05-18,316.5,309.80999755859375,315.5899963378906,309.9599914550781,14522400,309.9599914550781
2021-05-19,314.6600036621094,303.57000732421875,304.19000244140625,313.5899963378906,19106200,313.5899963378906
2021-05-20,319.25,313.1600036621094,313.5799865722656,318.6099853515625,17320200,318.6099853515625
2021-05-21,319.92999267578125,315.80999755859375,319.2900085449219,316.2300109863281,13600900,316.2300109863281
2021-05-24,325.95001220703125,318.0299987792969,318.2099914550781,324.6300048828125,16445400,324.6300048828125
2021-05-25,329.17999267578125,324.79998779296875,327.0799865722656,327.7900085449219,16437000,327.7900085449219
2021-05-26,329.8299865722656,325.82000732421875,328.3500061035156,327.6600036621094,9686900,327.6600036621094
2021-05-27,333.7799987792969,326.760009765625,328.0,332.75,20477700,332.75
2021-05-28,332.8699951171875,328.3299865722656,331.0,328.7300109863281,12037400,328.7300109863281
2021-06-01,331.4200134277344,326.6400146484375,330.1499938964844,329.1300048828125,11765900,329.1300048828125
2021-06-02,331.8699951171875,327.1199951171875,330.3800048828125,329.1499938964844,11654300,329.1499938964844
2021-06-03,327.3800048828125,323.4800109863281,325.7799987792969,326.0400085449219,12610800,326.0400085449219
2021-06-04,332.4599914550781,325.17999267578125,325.8999938964844,330.3500061035156,13289400,330.3500061035156
2021-06-07,337.69000244140625,328.92999267578125,329.4800109863281,336.5799865722656,20136700,336.5799865722656
2021-06-08,338.29998779296875,332.239990234375,336.70001220703125,333.67999267578125,14580500,333.67999267578125
2021-06-09,336.79998779296875,330.0,335.739990234375,330.25,13727900,330.25
2021-06-10,333.94000244140625,328.54998779296875,330.7900085449219,332.4599914550781,13240200,332.4599914550781
2021-06-11,332.8299865722656,328.92999267578125,332.5799865722656,331.260009765625,13587900,331.260009765625
2021-06-14,336.82000732421875,329.80999755859375,331.8999938964844,336.7699890136719,12250800,336.7699890136719
2021-06-15,339.9200134277344,335.0299987792969,336.989990234375,336.75,15795200,336.75
2021-06-16,337.54998779296875,328.7200012207031,336.70001220703125,331.0799865722656,17232200,331.0799865722656
2021-06-17,337.9800109863281,330.1499938964844,330.489990234375,336.510009765625,17794100,336.510009765625
2021-06-18,336.1499938964844,329.0,334.5299987792969,329.6600036621094,23039500,329.6600036621094
2021-06-21,332.9200134277344,327.6499938964844,331.0899963378906,332.2900085449219,11337500,332.2900085449219
2021-06-22,339.9200134277344,332.6000061035156,332.69000244140625,339.0299987792969,15345300,339.0299987792969
2021-06-23,343.4200134277344,338.20001220703125,339.3500061035156,340.5899963378906,14817800,340.5899963378906
2021-06-24,344.8999938964844,341.7900085449219,341.8500061035156,343.17999267578125,12329100,343.17999267578125
2021-06-25,344.1199951171875,339.67999267578125,342.5899963378906,341.3699951171875,14594400,341.3699951171875
2021-06-28,358.1400146484375,341.7699890136719,342.4599914550781,355.6400146484375,29156100,355.6400146484375
2021-06-29,356.739990234375,349.04998779296875,356.2699890136719,351.8900146484375,21417300,351.8900146484375
2021-06-30,352.9200134277344,347.1700134277344,352.1700134277344,347.7099914550781,15107500,347.7099914550781
2021-07-01,354.6700134277344,346.5,346.82000732421875,354.3900146484375,17137000,354.3900146484375
2021-07-02,356.44000244140625,352.6199951171875,355.1000061035156,354.70001220703125,11521300,354.70001220703125
2021-07-06,358.7900085449219,349.17999267578125,356.5,352.7799987792969,13488500,352.7799987792969
2021-07-07,356.489990234375,350.0,355.260009765625,350.489990234375,14218900,350.489990234375
2021-07-08,348.3299865722656,342.55999755859375,345.7300109863281,345.6499938964844,14406500,345.6499938964844
2021-07-09,350.7099914550781,345.2699890136719,345.32000732421875,350.4200134277344,13018700,350.4200134277344
2021-07-12,354.19000244140625,349.6400146484375,351.2300109863281,353.1600036621094,10018600,353.1600036621094
2021-07-13,358.489990234375,348.79998779296875,351.5,352.0899963378906,11456000,352.0899963378906
2021-07-14,355.20001220703125,346.7300109863281,354.55999755859375,347.6300048828125,13894200,347.6300048828125
2021-07-15,349.2300109863281,340.2200012207031,349.2300109863281,344.4599914550781,14781600,344.4599914550781
2021-07-16,345.989990234375,340.1400146484375,344.9100036621094,341.1600036621094,11026100,341.1600036621094
2021-07-19,339.7900085449219,334.5400085449219,337.57000732421875,336.95001220703125,14372300,336.95001220703125
2021-07-20,343.45001220703125,334.5,338.79998779296875,341.6600036621094,11024300,341.6600036621094
2021-07-21,346.5199890136719,341.25,341.5,346.2300109863281,9279700,346.2300109863281
2021-07-22,351.5400085449219,345.2099914550781,346.67999267578125,351.19000244140625,12385400,351.19000244140625
2021-07-23,375.3299865722656,357.19000244140625,360.9100036621094,369.7900085449219,33694300,369.7900085449219
2021-07-26,374.44000244140625,368.2200012207031,369.5799865722656,372.4599914550781,14925200,372.4599914550781
2021-07-27,373.1499938964844,364.54998779296875,371.9100036621094,367.80999755859375,15705400,367.80999755859375
2021-07-28,377.54998779296875,366.92999267578125,374.55999755859375,373.2799987792969,29676900,373.2799987792969
2021-07-29,365.5199890136719,356.739990234375,361.0,358.32000732421875,33413200,358.32000732421875
2021-07-30,360.7300109863281,352.94000244140625,354.0,356.29998779296875,15966700,356.29998779296875
2021-08-02,359.3999938964844,350.739990234375,358.1000061035156,351.95001220703125,13180400,351.95001220703125
2021-08-03,353.7699890136719,347.70001220703125,352.7300109863281,351.239990234375,12406100,351.239990234375
2021-08-04,360.4800109863281,351.510009765625,352.4200134277344,358.9200134277344,14180600,358.9200134277344
2021-08-05,363.8999938964844,356.8999938964844,359.6400146484375,362.9700012207031,10247200,362.9700012207031
2021-08-06,365.1499938964844,361.3999938964844,361.3999938964844,363.510009765625,8918100,363.510009765625
2021-08-09,365.7799987792969,360.75,363.760009765625,361.6099853515625,7798900,361.6099853515625
2021-08-10,364.1000061035156,359.0400085449219,361.8299865722656,361.1300048828125,7469900,361.1300048828125
2021-08-11,362.3599853515625,357.80999755859375,362.1000061035156,359.9599914550781,8400300,359.9599914550781
2021-08-12,363.0,357.1099853515625,358.45001220703125,362.6499938964844,7170700,362.6499938964844
2021-08-13,364.6600036621094,361.4800109863281,362.9700012207031,363.17999267578125,7192500,363.17999267578125
2021-08-16,366.95001220703125,357.3800048828125,362.5199890136719,366.55999755859375,11222100,366.55999755859375
2021-08-17,364.6700134277344,355.07000732421875,362.9800109863281,358.45001220703125,12328700,358.45001220703125
2021-08-18,359.8599853515625,355.1499938964844,356.25,355.45001220703125,10042400,355.45001220703125
2021-08-19,357.57000732421875,351.0,351.3500061035156,355.1199951171875,12004500,355.1199951171875
2021-08-20,359.989990234375,353.30999755859375,354.6000061035156,359.3699951171875,8693500,359.3699951171875
2021-08-23,365.69000244140625,359.1000061035156,359.44000244140625,363.3500061035156,10942000,363.3500061035156
2021-08-24,367.9599914550781,361.8399963378906,363.6600036621094,365.510009765625,9235100,365.510009765625
2021-08-25,370.8599853515625,365.3999938964844,365.6000061035156,368.3900146484375,9684500,368.3900146484375
2021-08-26,369.44000244140625,364.1300048828125,368.3800048828125,364.3800048828125,7888700,364.3800048828125
2021-08-27,373.739990234375,364.0799865722656,365.1000061035156,372.6300048828125,11214200,372.6300048828125
2021-08-30,381.489990234375,370.5199890136719,372.55999755859375,380.6600036621094,13547300,380.6600036621094
2021-08-31,382.760009765625,378.79998779296875,379.95001220703125,379.3800048828125,12345400,379.3800048828125
2021-09-01,384.3299865722656,378.80999755859375,379.5899963378906,382.04998779296875,11567200,382.04998779296875
2021-09-02,381.75,374.05999755859375,381.5,375.2799987792969,14832900,375.2799987792969
2021-09-03,377.1600036621094,373.1099853515625,374.75,376.260009765625,7509600,376.260009765625
2021-09-07,382.9599914550781,373.1499938964844,375.8800048828125,382.17999267578125,10793800,382.17999267578125
2021-09-08,380.8699951171875,374.7900085449219,380.1600036621094,377.57000732421875,11067200,377.57000732421875
2021-09-09,379.8299865722656,376.57000732421875,377.6400146484375,378.0,9098900,378.0
2021-09-10,383.7900085449219,378.260009765625,381.3599853515625,378.69000244140625,11537600,378.69000244140625
2021-09-13,381.75,374.3500061035156,381.67999267578125,376.510009765625,13026300,376.510009765625
2021-09-14,378.5899963378906,375.1099853515625,377.3999938964844,376.5299987792969,8711600,376.5299987792969
2021-09-15,377.55999755859375,367.6700134277344,377.0,373.9200134277344,17940300,373.9200134277344
2021-09-16,373.55999755859375,369.7099914550781,372.7900085449219,373.05999755859375,11934200,373.05999755859375
2021-09-17,371.4100036621094,361.5899963378906,371.4100036621094,364.7200012207031,26299000,364.7200012207031
2021-09-20,361.0299987792969,349.79998779296875,359.29998779296875,355.70001220703125,19822800,355.70001220703125
2021-09-21,360.0400085449219,355.19000244140625,358.5,357.4800109863281,11751900,357.4800109863281
2021-09-22,349.8399963378906,340.69000244140625,347.2300109863281,343.2099914550781,43692900,343.2099914550781
2021-09-23,349.6700134277344,343.0,345.3599853515625,345.9599914550781,21806300,345.9599914550781
2021-09-24,354.3500061035156,342.3699951171875,343.239990234375,352.9599914550781,18801900,352.9599914550781
2021-09-27,355.1499938964844,347.0799865722656,349.80999755859375,353.5799865722656,15205800,353.5799865722656
2021-09-28,349.6000061035156,338.9200134277344,347.9700012207031,340.6499938964844,21710300,340.6499938964844
2021-09-29,345.2300109863281,338.8800048828125,343.1499938964844,339.6099853515625,14452200,339.6099853515625
2021-09-30,342.79998779296875,338.1499938964844,340.45001220703125,339.3900146484375,16547100,339.3900146484375
2021-10-01,345.0199890136719,338.6400146484375,341.6099853515625,343.010009765625,14905300,343.010009765625
2021-10-04,335.94000244140625,322.70001220703125,335.5299987792969,326.2300109863281,42885000,326.2300109863281
2021-10-05,335.17999267578125,326.1600036621094,328.5799865722656,332.9599914550781,35377900,332.9599914550781
2021-10-06,334.3800048828125,325.79998779296875,329.739990234375,333.6400146484375,26443000,333.6400146484375
2021-10-07,338.8399963378906,328.9800109863281,337.0,329.2200012207031,28307500,329.2200012207031
2021-10-08,333.3999938964844,328.7099914550781,331.510009765625,330.04998779296875,15934300,330.04998779296875
2021-10-11,330.4599914550781,325.30999755859375,327.6300048828125,325.45001220703125,14708200,325.45001220703125
2021-10-12,324.3800048828125,317.3699951171875,323.0299987792969,323.7699890136719,31658700,323.7699890136719
2021-10-13,327.0,322.6600036621094,326.9700012207031,324.5400085449219,14761500,324.5400085449219
2021-10-14,330.5199890136719,327.1000061035156,328.3599853515625,328.5299987792969,14302200,328.5299987792969
2021-10-15,329.07000732421875,322.510009765625,328.67999267578125,324.760009765625,21575100,324.760009765625
2021-10-18,335.8900146484375,327.5,328.95001220703125,335.3399963378906,21585000,335.3399963378906
2021-10-19,342.4599914550781,337.2799987792969,339.6499938964844,339.989990234375,18786300,339.989990234375
2021-10-20,343.9800109863281,339.45001220703125,343.45001220703125,340.7799987792969,13639500,340.7799987792969
2021-10-21,342.30999755859375,337.79998779296875,340.2799987792969,341.8800048828125,16354400,341.8800048828125
2021-10-22,329.6300048828125,321.1099853515625,326.3500061035156,324.6099853515625,35224500,324.6099853515625
2021-10-25,329.55999755859375,319.7200012207031,320.29998779296875,328.69000244140625,38409000,328.69000244140625
2021-10-26,330.2099914550781,309.6000061035156,328.260009765625,315.80999755859375,65654000,315.80999755859375
2021-10-27,319.25,312.05999755859375,314.19000244140625,312.2200012207031,29971800,312.2200012207031
2021-10-28,325.5199890136719,308.1099853515625,312.989990234375,316.9200134277344,50806800,316.9200134277344
2021-10-29,326.0,319.6000061035156,320.19000244140625,323.57000732421875,37059400,323.57000732421875
2021-11-01,333.45001220703125,326.0,326.0400085449219,329.9800109863281,31518900,329.9800109863281
2021-11-02,334.7900085449219,323.79998779296875,331.3800048828125,328.0799865722656,28353000,328.0799865722656
2021-11-03,332.1499938964844,323.20001220703125,327.489990234375,331.6199951171875,20786500,331.6199951171875
2021-11-04,337.2699890136719,332.6499938964844,334.010009765625,335.8500061035156,22495300,335.8500061035156
2021-11-05,346.7900085449219,339.6400146484375,340.30999755859375,341.1300048828125,26852100,341.1300048828125
2021-11-08,344.7900085449219,338.3399963378906,344.4200134277344,338.6199951171875,18342500,338.6199951171875
2021-11-09,341.30999755859375,334.4700012207031,340.0,335.3699951171875,17556700,335.3699951171875
2021-11-10,333.19000244140625,325.510009765625,332.489990234375,327.6400146484375,21872600,327.6400146484375
2021-11-11,332.4599914550781,327.0,329.82000732421875,327.739990234375,12376600,327.739990234375
2021-11-12,341.8599853515625,329.7799987792969,330.17999267578125,340.8900146484375,25387200,340.8900146484375
2021-11-15,353.6499938964844,343.20001220703125,344.3399963378906,347.55999755859375,25076600,347.55999755859375
2021-11-16,346.6499938964844,340.8699951171875,343.8299865722656,342.9599914550781,18181100,342.9599914550781
2021-11-17,347.29998779296875,340.1000061035156,344.239990234375,340.7699890136719,13602800,340.7699890136719
2021-11-18,342.4599914550781,335.29998779296875,339.7200012207031,338.69000244140625,17487200,338.69000244140625
2021-11-19,352.1000061035156,339.8999938964844,342.20001220703125,345.29998779296875,26488500,345.29998779296875
2021-11-22,353.8299865722656,340.510009765625,349.04998779296875,341.010009765625,27116800,341.010009765625
2021-11-23,341.3999938964844,333.5,338.92999267578125,337.25,17225000,337.25
2021-11-24,341.7799987792969,332.80999755859375,336.0,341.05999755859375,13566200,341.05999755859375
2021-11-26,337.75,331.8999938964844,335.79998779296875,333.1199951171875,14750700,333.1199951171875
2021-11-29,340.6700134277344,335.30999755859375,336.8900146484375,338.0299987792969,16650900,338.0299987792969
2021-11-30,335.80999755859375,323.42999267578125,335.0,324.4599914550781,25390000,324.4599914550781
2021-12-01,330.5,310.2900085449219,330.2900085449219,310.6000061035156,30329600,310.6000061035156
2021-12-02,314.6000061035156,307.20001220703125,311.3999938964844,310.3900146484375,24396200,310.3900146484375
2021-12-03,313.75,299.5,313.7300109863281,306.8399963378906,27448700,306.8399963378906
2021-12-06,320.1000061035156,306.3399963378906,308.1300048828125,317.8699951171875,21758300,317.8699951171875
2021-12-07,326.5400085449219,321.0,321.57000732421875,322.80999755859375,18794000,322.80999755859375
2021-12-08,332.75,323.07000732421875,325.0,330.55999755859375,19937700,330.55999755859375
2021-12-09,336.1300048828125,328.0,329.5400085449219,329.82000732421875,16879200,329.82000732421875
2021-12-10,335.0299987792969,326.3699951171875,332.55999755859375,329.75,14520900,329.75
2021-12-13,341.0899963378906,329.5899963378906,330.95001220703125,334.489990234375,22948700,334.489990234375
2021-12-14,335.70001220703125,327.6499938964844,328.04998779296875,333.739990234375,20461000,333.739990234375
2021-12-15,342.1099853515625,323.9800109863281,332.489990234375,341.6600036621094,24681300,341.6600036621094
2021-12-16,344.4599914550781,333.739990234375,338.9800109863281,334.8999938964844,22635000,334.8999938964844
2021-12-17,337.1099853515625,330.75,332.79998779296875,333.7900085449219,39711700,333.7900085449219
2021-12-20,329.8999938964844,322.5299987792969,329.7799987792969,325.45001220703125,17901800,325.45001220703125
2021-12-21,336.0,323.75,326.4100036621094,334.20001220703125,16116800,334.20001220703125
2021-12-22,334.510009765625,328.260009765625,333.79998779296875,330.45001220703125,16764600,330.45001220703125
2021-12-23,336.6700134277344,328.3599853515625,330.1000061035156,335.239990234375,13987700,335.239990234375
2021-12-27,347.8699951171875,338.010009765625,338.8500061035156,346.17999267578125,17795000,346.17999267578125
2021-12-28,352.7099914550781,345.20001220703125,346.6300048828125,346.2200012207031,16637600,346.2200012207031
2021-12-29,349.69000244140625,341.6400146484375,346.9100036621094,342.94000244140625,10747000,342.94000244140625
2021-12-30,347.2300109863281,343.2200012207031,344.0,344.3599853515625,10593300,344.3599853515625
2021-12-31,343.44000244140625,336.2699890136719,343.0199890136719,336.3500061035156,12870500,336.3500061035156
2022-01-03,341.0799865722656,337.19000244140625,338.29998779296875,338.5400085449219,14537900,338.5400085449219
2022-01-04,343.0899963378906,331.8699951171875,339.95001220703125,336.5299987792969,15998000,336.5299987792969
2022-01-05,335.760009765625,323.8399963378906,333.0199890136719,324.1700134277344,20564500,324.1700134277344
2022-01-06,339.1700134277344,322.7200012207031,322.82000732421875,332.4599914550781,27962800,332.4599914550781
2022-01-07,337.0,328.8800048828125,332.739990234375,331.7900085449219,14711400,331.7900085449219
2022-01-10,328.3399963378906,315.42999267578125,325.30999755859375,328.07000732421875,24942400,328.07000732421875
2022-01-11,334.6300048828125,325.2799987792969,326.7799987792969,334.3699951171875,16226800,334.3699951171875
2022-01-12,336.3699951171875,330.0299987792969,335.17999267578125,333.260009765625,14104900,333.260009765625
2022-01-13,335.6300048828125,325.760009765625,334.9800109863281,326.4800109863281,14797100,326.4800109863281
2022-01-14,332.7300109863281,321.2099914550781,321.7900085449219,331.8999938964844,16853900,331.8999938964844
2022-01-18,324.2099914550781,317.6400146484375,323.2900085449219,318.1499938964844,22645600,318.1499938964844
2022-01-19,327.1000061035156,319.3299865722656,319.5799865722656,319.5899963378906,20814700,319.5899963378906
2022-01-20,327.82000732421875,315.9800109863281,323.8999938964844,316.55999755859375,16925000,316.55999755859375
2022-01-21,318.30999755859375,303.0400085449219,314.80999755859375,303.1700134277344,28710700,303.1700134277344
2022-01-24,309.5299987792969,289.010009765625,297.8399963378906,308.7099914550781,38878100,308.7099914550781
2022-01-25,306.2300109863281,297.5799865722656,299.95001220703125,300.1499938964844,25108500,300.1499938964844
2022-01-26,307.510009765625,290.8500061035156,307.010009765625,294.6300048828125,28348800,294.6300048828125
2022-01-27,301.7099914550781,294.260009765625,297.75,294.6400146484375,21629900,294.6400146484375
2022-01-28,301.8999938964844,293.0299987792969,295.6199951171875,301.7099914550781,21871600,301.7099914550781
2022-01-31,313.7900085449219,299.32000732421875,300.67999267578125,313.260009765625,21579500,313.260009765625
2022-02-01,319.6600036621094,312.1199951171875,314.55999755859375,319.0,18023800,319.0
2022-02-02,328.0,316.8699951171875,327.82000732421875,323.0,58458300,323.0
2022-02-03,248.0,235.75,244.64999389648438,237.75999450683594,188119900,237.75999450683594
2022-02-04,242.61000061035156,230.11000061035156,234.97000122070312,237.08999633789062,89203700,237.08999633789062
2022-02-07,238.3000030517578,224.00999450683594,237.6999969482422,224.91000366210938,88613800,224.91000366210938
2022-02-08,225.77000427246094,216.14999389648438,220.85000610351562,220.17999267578125,94729700,220.17999267578125
2022-02-09,233.3699951171875,222.2100067138672,224.1999969482422,232.0,86563300,232.0
2022-02-10,235.0,226.6999969482422,228.27000427246094,228.07000732421875,49310400,228.07000732421875
2022-02-11,230.4199981689453,218.77000427246094,228.4600067138672,219.5500030517578,46101900,219.5500030517578
2022-02-14,221.0,214.77999877929688,219.30999755859375,217.6999969482422,38184000,217.6999969482422
2022-02-15,221.14999389648438,215.05999755859375,220.47000122070312,221.0,42685500,221.0
2022-02-16,217.4600067138672,212.36000061035156,212.41000366210938,216.5399932861328,45817500,216.5399932861328
2022-02-17,217.5,207.16000366210938,214.02000427246094,207.7100067138672,38747500,207.7100067138672
2022-02-18,210.75,205.17999267578125,209.38999938964844,206.16000366210938,37128400,206.16000366210938
2022-02-22,207.47999572753906,200.05999755859375,202.33999633789062,202.0800018310547,39852400,202.0800018310547
2022-02-23,206.94000244140625,198.0500030517578,204.16000366210938,198.4499969482422,44481400,198.4499969482422
2022-02-24,208.35000610351562,190.22000122070312,191.05999755859375,207.60000610351562,49957200,207.60000610351562
2022-02-25,211.32000732421875,203.17999267578125,204.94000244140625,210.47999572753906,37627600,210.47999572753906
2022-02-28,213.14999389648438,206.8300018310547,207.67999267578125,211.02999877929688,34239800,211.02999877929688
2022-03-01,211.75,202.22000122070312,209.8699951171875,203.49000549316406,27094900,203.49000549316406
2022-03-02,209.14999389648438,202.02000427246094,204.77999877929688,208.11000061035156,29426500,208.11000061035156
